date,trump_percentage,kamala_percentage,trump_sma_7,kamala_sma_7,trump_ema_7,kamala_ema_7,trump_linear_trend,kamala_linear_trend,trump_polynomial_trend,kamala_polynomial_trend
2021-05-18,49.0,45.0,,,49.0,45.0,43.24536626398276,37.517217582370904,48.71724665444344,45.978512953966856
2021-06-20,49.0,45.0,,,49.0,45.0,43.30878167524179,37.7543554646345,48.127017023041844,45.2049043700099
2021-06-22,40.0,46.0,,,46.75,45.25,43.3126250334999,37.768727457498244,48.09218400530517,45.159470185637474
2021-08-03,49.0,46.0,,,47.3125,45.4375,43.39333555692042,38.070539307652325,47.385466353967786,44.2436636146158
2021-09-14,49.5,47.0,,,47.859375,45.828125,43.47404608034117,38.3723511578055,46.72604782320559,43.40099676698446
2021-09-18,49.05,50.05,,,48.15703125,46.88359375,43.481732796857386,38.4010951435348,46.665712906979024,43.324557326734066
2021-09-22,51.5,39.0,48.15,45.43571428571429,48.992773437500006,44.912695312500006,43.489419513373605,38.42983912926411,46.6058070063591,43.248781284317374
2021-10-18,49.0,46.0,48.15,45.57857142857143,48.994580078125004,45.184521484375004,43.53938317072925,38.616675036501874,46.22687594406307,42.77240735292435
2021-10-28,46.0,40.0,47.721428571428575,44.864285714285714,48.24593505859375,43.88839111328125,43.5585999620198,38.68853500082423,46.085959668271244,42.596649846062064
2021-11-15,41.5,33.0,47.93571428571429,43.00714285714286,46.559451293945315,41.16629333496094,43.59319018634278,38.81788293660429,45.839067390188575,42.290734868496656
2021-11-16,50.57142857142857,42.0,48.16020408163265,42.43571428571429,47.56244561331613,41.37472000122071,43.59511186547206,38.825068933036164,45.825605881400406,42.274133486673236
2021-12-02,48.666666666666664,41.5,48.041156462585036,41.65,47.83850087665376,41.40604000091553,43.62585873153694,38.94004487595157,45.61386838462204,42.01415024138987
2021-12-05,39.0,36.5,46.605442176870746,39.714285714285715,45.62887565749032,40.17953000068665,43.6316237689241,38.961602865249006,45.57493178918958,41.96658506244421
2021-12-12,47.75,46.0,46.06972789115646,40.714285714285715,46.15915674311774,41.63464750051499,43.64507552282748,39.01190484027393,45.48501821048558,41.85705083049834
2022-01-09,39.75,39.0,44.74829931972789,39.714285714285715,44.55686755733831,40.975985625386244,43.69888253844124,39.213112740376346,45.138502539135516,41.43923049047589
2022-01-18,50.333333333333336,40.0,45.367346938775505,39.714285714285715,46.000984001337066,40.73198921903968,43.71617765060273,39.27778670826683,45.0315869608894,41.31183458864689
2022-01-20,47.5,39.0,46.224489795918366,40.57142857142857,46.3757380010028,40.29899191427976,43.72002100886107,39.292158701131484,45.00812289305031,41.283980475738645
2022-02-06,40.0,38.0,44.714285714285715,40.0,44.781803500752105,39.72424393570982,43.752689554054996,39.41432064047876,44.81300870142877,41.053916692733765
2022-02-09,44.0,46.0,44.047619047619044,40.642857142857146,44.586352625564075,41.29318295178237,43.75845459144216,39.4358786297762,44.77938119135797,41.01456107571721
2022-02-22,50.125,43.0,45.63690476190476,41.57142857142857,45.971014469173056,41.71988721383678,43.7834364201201,39.52929658339508,44.63645059522241,40.84833215735853
2022-02-23,37.2,38.0,44.1297619047619,40.42857142857143,43.77826085187979,40.78991541037758,43.78535809924915,39.53648257982695,44.625643628649414,40.83583555370569
2022-02-24,46.55666666666667,40.0,45.10214285714285,40.57142857142857,44.47286230557651,40.59243655778319,43.787279778378206,39.543668576258824,44.61486347578466,40.823380414396524
2022-03-08,42.18,34.5,43.937380952380956,39.785714285714285,43.899646729182386,39.069327418337394,43.81033992792686,39.629900533445834,44.48759309947491,40.677152797579765
2022-03-09,45.666666666666664,43.0,43.675476190476196,40.357142857142854,44.34140171355345,40.051995563753046,43.812261607055916,39.637086529878616,44.4771615229547,40.66523666866124
2022-03-20,40.18,37.0,43.70119047619048,40.214285714285715,43.30105128516509,39.28899667281478,43.83340007747552,39.716132490632845,44.36418387759477,40.53689577244222
2022-03-22,50.0,42.0,44.55833333333334,39.642857142857146,44.97578846387381,39.966747504611085,43.837243435733626,39.7305044834975,44.34399106260389,40.514100074768066
2022-03-24,44.275,39.0,43.72261904761905,39.07142857142857,44.80059134790536,39.725060628458316,43.841086793991735,39.74487647636124,44.32390550337732,40.491470227018
2022-04-03,40.5,33.5,44.19404761904762,38.42857142857143,43.72544351092902,38.168795471343735,43.86030358528251,39.8167364406836,44.22508651856333,40.38080873712897
2022-04-18,44.0,39.0,43.828809523809525,38.285714285714285,43.794082633196766,38.3765966035078,43.88912877221833,39.924526387167134,44.08188558369875,40.22259070724249
2022-04-20,45.25,43.0,44.267380952380954,39.5,44.15806197489758,39.53244745263085,43.89297213047644,39.93889838003179,44.06324795540422,40.20219983160496
2022-04-21,46.0,41.5,44.315,39.285714285714285,44.61854648117318,40.02433558947314,43.89489380960549,39.94608437646366,44.05396936181933,40.192066587507725
2022-04-26,48.480000000000004,41.0,45.50071428571429,39.857142857142854,45.583909860879885,40.268251692104855,43.904502205250765,39.98201435862484,44.00797859951854,40.142022302374244
2022-04-27,46.0,49.0,44.92928571428571,40.857142857142854,45.687932395659914,42.45118876907864,43.90642388438005,39.98920035505762,43.998860887251794,40.13213783316314
2022-05-01,39.75,37.5,44.28285714285715,40.642857142857146,44.203449296744935,41.21339157680898,43.914110600896265,40.017944340786016,43.96265817433596,40.093014577403665
2022-05-17,39.75,35.0,44.175714285714285,40.857142857142854,43.0900869725587,39.660043682606734,43.94485746696114,40.13292028370233,43.822137493640184,39.943155547603965
2022-05-19,46.0,40.5,44.46142857142858,41.07142857142857,43.817565229419024,39.87003276195505,43.94870082521925,40.14729227656608,43.80505505297333,39.92516949214041
2022-05-30,41.5,38.0,43.925714285714285,40.357142857142854,43.23817392206427,39.40252457146629,43.969839295639076,40.226338237321215,43.71301879733801,39.82921075262129
2022-06-15,36.6,35.0,42.582857142857144,39.42857142857143,41.5786304415482,38.30189342859971,44.00058616170395,40.34131418023662,43.58493960928172,39.698590287938714
2022-06-22,49.5,42.0,42.72857142857142,39.57142857142857,43.55897283116115,39.22642007144978,44.01403791560733,40.391616155262454,43.531063456088305,39.64478156156838
2022-06-27,41.833333333333336,42.75,42.13333333333333,38.67857142857143,43.127562956704196,40.107315053587335,44.023646311252605,40.42754613742363,43.49338489584625,39.60759063065052
2022-06-30,44.0,39.0,42.740476190476194,38.892857142857146,43.34567221752815,39.8304862901905,44.02941134864,40.44910412672016,43.47109952289611,39.58577362075448
2022-07-09,39.75,36.0,42.740476190476194,39.035714285714285,42.44675416314611,38.87286471764288,44.04670646080149,40.513778094609734,43.40569133590907,39.52256156131625
2022-07-18,43.75,44.25,42.41904761904762,39.57142857142857,42.77256562235958,40.21714853823216,44.06400157296298,40.57845206250022,43.342455046251416,39.462707959115505
2022-07-28,41.0,37.75,42.34761904761905,39.535714285714285,42.32942421676968,39.60036140367412,44.083218364253526,40.650312026822576,43.27473979257047,39.40014288760722
2022-08-01,41.5,43.5,43.04761904761905,40.75,42.122068162577264,40.57527105275559,44.090905080769744,40.67905601255188,43.24840446934104,39.37627780623734
2022-08-17,40.12,35.5,41.70761904761905,39.82142857142857,41.621551121932946,39.30645328956669,44.121651946834845,40.79403195546729,43.14735335111618,39.2874514721334
2022-08-24,47.43333333333334,43.0,42.50761904761905,39.857142857142854,43.07449667478304,40.22983996717502,44.13510370073823,40.84433393049312,43.105301978066564,39.25192767754197
2022-08-28,38.75,38.5,41.75761904761905,39.785714285714285,41.99337250608728,39.79737997538126,44.142790417254446,40.87307791622152,43.081862521357834,39.23254053853452
2022-09-08,41.9,40.5,42.06476190476191,40.42857142857143,41.97002937956546,39.973034981535946,44.163928887674274,40.95212387697575,43.01961613073945,39.18264655955136
2022-09-15,39.64,38.0,41.47761904761905,39.535714285714285,41.38752203467409,39.47977623615196,44.177380641577656,41.00242585200158,42.98169404640794,39.153507977724075
2022-09-18,47.94,42.4,42.46904761904762,40.199999999999996,43.02564152600557,40.209832177113974,44.18314567896482,41.023983841298104,42.965843928046525,39.141641952097416
2022-09-22,49.699999999999996,42.0,43.64047619047619,39.98571428571428,44.69423114450417,40.65737413283548,44.19083239548104,41.05272782702741,42.945085825398564,39.12640105560422
2022-10-03,37.5,39.5,43.26619047619048,40.55714285714286,42.89567335837813,40.36803059962661,44.21197086590064,41.13177378778164,42.89021316636354,39.08790924400091
2022-10-11,41.75,54.0,42.45428571428572,42.128571428571426,42.6092550187836,43.77602294971996,44.2273442989333,41.18926175923934,42.85234360769391,39.063066344708204
2022-10-12,41.0,37.5,42.77571428571429,41.98571428571428,42.2069412640877,42.20701721228997,44.22926597806236,41.196447755672125,42.84773057233542,39.06014756299555
2022-10-13,46.0,39.5,43.36142857142857,41.84285714285714,43.15520594806578,41.53026290921748,44.23118765719141,41.203633752104,42.843144352547824,39.057270243763924
2022-10-17,46.6,42.0,44.355714285714285,42.41428571428571,44.01640446104933,41.64769718191311,44.23887437370763,41.2323777378333,42.825067607685924,39.046175591647625
2022-11-02,44.5,37.5,43.86428571428571,41.714285714285715,44.137303345787004,40.61077288643483,44.269621239772505,41.34735368074871,42.75705079548061,39.008430970832705
2022-11-17,43.0,40.5,42.90714285714286,41.5,43.85297750934025,40.58307966482612,44.29844642670855,41.455143627232246,42.69951918721199,38.982685405761
2022-12-05,39.42857142857143,38.5,43.182653061224485,41.357142857142854,42.74687598914805,40.06230974861959,44.333036651031534,41.58449156301231,42.63844488374889,38.96410506777465
2022-12-14,44.8,42.0,43.618367346938776,39.642857142857146,43.26015699186104,40.546732311464694,44.35033176319325,41.64916553090279,42.61116558033973,38.95985258370638
2022-12-15,44.0,40.0,44.046938775510206,40.0,43.44511774389578,40.41004923359852,44.35225344232231,41.656351527334664,42.608268613927066,38.95958739705384
2023-01-16,38.8,37.5,43.018367346938774,39.714285714285715,42.28383830792184,39.68253692519889,44.41374717445228,41.88630341316639,42.52972326334566,38.97299360670149
2023-01-19,44.666666666666664,40.0,42.7421768707483,39.42857142857143,42.87954539760805,39.76190269389917,44.41951221183945,41.90786140246291,42.52376734931022,38.97642721608281
2023-01-24,46.333333333333336,40.0,43.00408163265306,39.785714285714285,43.74299238153937,39.82142702042437,44.42912060748472,41.94379138462409,42.51437709573656,38.98297914676368
2023-01-29,39.6,36.5,42.518367346938774,39.214285714285715,42.70724428615453,38.99107026531828,44.43872900312999,41.97972136678527,42.50565718207508,38.9905676394701
2023-02-11,44.4,47.0,43.22857142857142,40.42857142857143,43.1304332146159,40.99330269898871,44.46371083180793,42.07313932040415,42.48612259142101,39.015148824080825
2023-02-12,42.666666666666664,42.0,42.92380952380952,40.42857142857143,43.01449157762859,41.24497702424153,44.465632510936985,42.080325316836024,42.484807626344264,39.01732992194593
2023-02-16,45.333333333333336,39.5,43.114285714285714,40.357142857142854,43.59420201655478,40.808732768181144,44.4733192274532,42.10906930256533,42.47981589753181,39.02646893449128
2023-02-19,40.25,39.0,43.32142857142857,40.57142857142857,42.758151512416084,40.35654957613586,44.47908426484037,42.130627291861856,42.476353644393384,39.03375855088234
2023-02-23,45.25,43.0,43.404761904761905,41.0,43.381113634312065,41.01741218210189,44.486770981356585,42.15937127759025,42.47211269568652,39.0440585128963
2023-02-27,42.8,41.0,42.9,41.142857142857146,43.23583522573405,41.013059136576416,44.494457697872804,42.18811526331956,42.46830076538026,39.055021872743964
2023-03-20,40.4,38.333333333333336,43.01428571428571,41.40476190476191,42.52687641930054,40.343127685765644,44.53481295958318,42.339021188396146,42.45532668661326,39.12346340343356
2023-03-23,44.666666666666664,38.0,43.05238095238095,40.11904761904763,43.06182398114207,39.757345764324235,44.54057799697034,42.36057917769358,42.45443853363395,39.13473341241479
2023-04-04,41.8,34.5,42.92857142857143,39.04761904761905,42.74636798585655,38.443009323243174,44.563638146519,42.44681113487968,42.45329914800823,39.18354506790638
2023-04-19,44.25,39.5,42.773809523809526,39.04761904761905,43.12227598939241,38.70725699243238,44.59246333345504,42.55460108136322,42.45730466209352,39.252955777570605
2023-04-23,42.81666666666666,40.125,43.14047619047619,39.208333333333336,43.045873658710974,39.06169274432428,44.60015004997126,42.58334506709252,42.459391713142395,39.27304087206721
2023-04-24,38.5,37.5,42.17619047619048,38.42261904761905,41.90940524403323,38.67126955824321,44.60207172910032,42.590531063524395,42.45998051017523,39.27816580235958
2023-05-17,42.0,38.75,42.06190476190476,38.10119047619048,41.932053933024925,38.69095216868241,44.64627034906857,42.755808981465634,42.4809233834967,39.407482819631696
2023-05-18,47.78333333333333,40.666666666666664,43.11666666666667,38.43452380952381,43.39487378310203,39.18488079317847,44.64819202819763,42.762994977898416,42.48215570580214,39.413602847605944
2023-05-31,40.142857142857146,40.0,42.4704081632653,38.720238095238095,42.58186962304081,39.38866059488385,44.673173856875565,42.8564129315173,42.500615931116045,39.49693629518151
2023-06-11,40.6,38.0,42.29897959183673,39.220238095238095,42.08640221728061,39.04149544616289,44.694312327295165,42.93545889227153,42.51977551076561,39.57292225211859
2023-06-15,44.5,40.0,42.334693877551025,39.29166666666667,42.689801662960456,39.28112158462217,44.701999043811384,42.96420287800083,42.527547038160264,39.60179738327861
2023-06-25,38.5,38.5,41.71802721088436,39.05952380952381,41.64235124722034,39.08584118846663,44.72121583510216,43.03606284232228,42.548852804116905,39.67688757739961
2023-07-06,41.57142857142857,37.5,42.15680272108843,39.05952380952381,41.6246205782724,38.68938089134997,44.74235430552176,43.11510880307742,42.57538611534983,39.76427570357919
2023-07-20,44.666666666666664,38.5,42.53775510204082,39.023809523809526,42.38513210037097,38.64203566851248,44.76925781332852,43.21571275312817,42.613848155364394,39.88275288045406
2023-07-24,43.5,40.0,41.92585034013605,38.92857142857143,42.66384907527822,38.98152675138436,44.77694452984497,43.24445673885748,42.625802597031,39.91809614934027
2023-08-06,40.4,35.5,41.96258503401361,38.285714285714285,42.09788680645867,38.11114506353827,44.80192635852268,43.33787469247636,42.66761743463576,40.037543373182416
2023-08-23,44.0,40.0,42.44829931972789,38.57142857142857,42.573415104844,38.5833587976537,44.83459490371661,43.46003663182455,42.729135831817985,40.204316509887576
2023-09-14,42.0,41.0,42.09115646258503,38.714285714285715,42.430061328633,39.18751909824027,44.876871844556035,43.61812855333301,42.82025089394301,40.43792794831097
2023-09-26,43.0,41.0,42.73401360544217,39.07142857142857,42.57254599647475,39.640639323680205,44.89993199410492,43.70436051052002,42.87541998643428,40.57381070591509
2023-10-18,44.0,41.333333333333336,43.08095238095238,39.61904761904763,42.92940949735606,40.06381282609349,44.94220893494412,43.862452432029386,42.98659159243107,40.83843604288995
2023-10-24,43.6,42.0,42.92857142857143,40.11904761904763,43.097057123017045,40.54785961957012,44.95373900971845,43.905568410622436,43.01916345953941,40.91408943384886
2023-10-26,44.92857142857143,44.0,43.132653061224495,40.6904761904762,43.55493569940565,41.41089471467759,44.957582367976556,43.91994040348709,43.03023525699973,40.93963892944157
2023-11-03,43.032558139534885,44.25,43.508732795443755,41.9404761904762,43.42434130943796,42.12067103600819,44.97295580100922,43.97742837494479,43.07559499051422,41.043495412915945
2023-11-11,41.825,31.5,43.19801850972948,40.72619047619048,43.024505982078466,39.46550327700614,44.98832923404166,44.0349163464025,43.12267079204321,41.15000549145043
2023-11-13,44.18888888888889,45.0,43.51071692242789,41.29761904761905,43.315601708781074,40.849127457754605,44.99217259229977,44.04928833926715,43.13470787834376,41.177047634497285
2023-11-14,39.72222222222222,47.2,43.04246295417392,42.18333333333334,42.417256837141366,42.43684559331595,44.99409427142882,44.05647433569902,43.140766642056406,41.190630899742246
2023-11-16,45.375,41.333333333333336,43.23889152560249,42.18333333333334,43.156692627856025,42.1609675283203,44.99793762968693,44.070846328563675,43.15296460967511,41.21792181953788
2023-11-20,43.5,40.0,43.22460581131678,41.89761904761905,43.24251947089202,41.620725646240224,45.00562434620315,44.09959031429298,43.1776823066175,41.273001205176115
2023-12-19,42.0,42.0,42.806238464378,41.61190476190477,42.93188960316901,41.715544234680166,45.06135304094596,44.30798421082727,43.369715901091695,41.69216652400792
2024-01-24,43.42857142857143,39.0,42.86281179138323,40.86190476190477,43.05606005951962,41.03665817601012,45.13053348959215,44.56668008238739,43.63947429973632,42.26102072559297
2024-01-31,45.0,42.0,43.31638321995465,42.36190476190477,43.54204504463972,41.27749363200759,45.143985243495536,44.616982057413225,43.69596276152879,42.37787135876715
2024-02-14,43.622727272727275,42.7,43.23550298907442,42.03333333333334,43.562215601661606,41.633120224005694,45.17088875130253,44.71758600746398,43.81288128066808,42.617667604237795
2024-02-16,47.7375,40.46666666666667,44.380542671614094,41.07142857142857,44.60603670124621,41.34150683467094,45.17473210956064,44.73195800032863,43.83001294359565,42.65258761122823
2024-02-19,45.0,39.599999999999994,44.32697124304267,40.82380952380952,44.70452752593466,40.906130126003205,45.1804971469478,44.75351598962516,43.85591153986752,42.70527858659625
2024-02-24,44.300000000000004,43.6,44.441256957328385,41.33809523809524,44.603395644451,41.5795975945024,45.19010554259307,44.789445971786336,43.89961213618517,42.79392612911761
2024-02-28,44.86666666666667,41.5,44.850780766852196,41.266666666666666,44.66921340000492,41.559698195876805,45.19779225910929,44.81818995751564,43.935055256821215,42.8655904866755
2024-03-11,48.573913043478264,38.0,45.585829568981744,41.12380952380953,45.64538831087325,40.6697736469076,45.220852408658175,44.90442191470265,44.04395872540772,43.08456395380199
2024-03-14,44.92857142857143,41.0,45.57562548734909,40.98095238095238,45.4661840902978,40.7523302351807,45.22661744604534,44.92597990399918,44.07178789656609,43.14024022594094
2024-03-25,43.81818181818182,45.0,45.60354756527117,41.3095238095238,45.0541835222688,41.81424767638553,45.24775591646494,45.00502586475341,44.1758928373456,43.347579162567854
2024-04-16,45.63157894736842,43.0,45.30270170060952,41.67142857142857,45.1985323785437,42.11068575728915,45.29003285730437,45.163117786262774,44.39383604191244,43.77730789594352
2024-04-22,44.083333333333336,39.0,45.17174931965714,41.58571428571429,44.91973261724112,41.33301431796686,45.301562932078696,45.206233764855824,44.45552743691951,43.897989485412836
2024-05-12,46.8125,42.0,45.53067789108571,41.357142857142854,45.392924462930836,41.499760738475146,45.339996514660015,45.34995369350054,44.66813694499433,44.31104168109596
2024-05-13,44.93103448275862,42.5,45.53987329338456,41.5,45.277451967887785,41.74982055385636,45.34191819378907,45.35713968993241,44.6790489628911,44.3321296479553
2024-05-15,44.44444444444444,41.0,44.949949207808295,41.92857142857143,45.06920008702696,41.56236541539227,45.34576155204718,45.37151168279706,44.70095343980938,44.374429965391755
2024-06-24,42.90588235294118,42.0,44.660993625575394,42.07142857142857,44.52837065350551,41.671774061544205,45.42262871720959,45.65895154008649,45.16156635712832,45.2552647665143
2024-06-28,45.233333333333334,45.0,44.8631581277399,42.07142857142857,44.70461132346247,42.503830546158156,45.43031543372581,45.68769552581489,45.20998724270612,45.3469969406724
2024-06-30,44.87407407407407,42.5,44.75494314584072,42.0,44.746977011115376,42.50287290961862,45.43415879198392,45.70206751867954,45.23435856588185,45.39311180263758
2024-07-01,48.64705882352941,45.0,45.406903930154435,42.857142857142854,45.72199746421889,43.12715468221396,45.43608047111297,45.70925351511232,45.24658444803208,45.416231425479054
2024-07-02,42.63055555555556,40.0,44.809483295233804,42.57142857142857,44.94913698705306,42.345366011660474,45.43800215024203,45.716439511544195,45.25883714389056,45.4393925126642
2024-07-03,43.733333333333334,42.0,44.63838313103019,42.5,44.64518607362312,42.259024508745355,45.43992382937108,45.72362550797607,45.271116653457284,45.462595062330365
2024-07-06,41.5,42.0,44.217748210395264,42.642857142857146,43.858889555217345,42.19426838155901,45.445688866758246,45.7451834972735,45.30811606347561,45.53245148435235
2024-07-08,46.25,39.9,44.69547930283225,42.34285714285714,44.45666716641301,41.62070128616926,45.449532225016355,45.759555490137245,45.332916404120624,45.579229744151235
2024-07-09,44.839999999999996,44.0,44.63928882664177,42.199999999999996,44.55250037480976,42.21552596462694,45.45145390414541,45.76674148657003,45.3453567950055,45.60268106870353
2024-07-10,45.85,48.333333333333336,44.77870681605975,43.03333333333334,44.87687528110732,43.74497780680354,45.453375583274465,45.7739274830019,45.35782399959862,45.62617385573685
2024-07-11,46.411764705882355,44.55555555555556,44.459379084967324,42.96984126984127,45.260597637301075,43.947622243991546,45.45529726240352,45.78111347943468,45.37031801696867,45.64970810338855
2024-07-12,45.125,45.333333333333336,44.81572829131653,43.73174603174603,45.2266982279758,44.294050016327,45.4572189415328,45.78829947586655,45.38283884897828,45.67328381538391
2024-07-13,43.22692307692308,42.54545454545455,44.7433839689722,43.80966810966811,44.726754440212616,43.856901148608884,45.459140620661856,45.795485472298424,45.39538649376482,45.69690098799765
2024-07-14,38.94,38.825,44.37766968325792,43.35609668109668,43.28006583015946,42.598925861456664,45.46106229979091,45.802671468731205,45.40796095319092,45.72055962495506
2024-07-15,45.45151515151515,42.291666666666664,44.263600419188656,43.69776334776335,43.82292816049838,42.522111062759166,45.462983978919965,45.80985746516308,45.420562223531306,45.74425972253084
2024-07-16,45.59268292682927,41.60909090909091,44.37112655159284,43.356204906204916,44.2653668520811,42.293856024342105,45.46490565804902,45.81704346159586,45.43319030944258,45.76800128445029
2024-07-17,44.33571428571429,44.5,44.154800020980595,42.80858585858586,44.282953710489394,42.845392018256575,45.466827337178074,45.82422945802773,45.4458452090621,45.791784308850765
2024-07-18,45.343999999999994,45.980000000000004,44.00226220585454,43.01207792207793,44.54821528286705,43.629044013692436,45.46874901630713,45.8314154544596,45.458526922389865,45.815608793869615
2024-07-20,47.125,42.0,44.28797649156883,42.53588744588745,45.19241146215029,43.22178301026933,45.47259237456524,45.845787447324255,45.48397078923881,45.86338215135038
2024-07-21,47.23823529411764,42.84615384615385,44.86102109402519,42.57884448884449,45.70386742014213,43.12787571924046,45.47451405369429,45.85297344375704,45.49673294275999,45.88733102567494
2024-07-22,43.84285714285714,45.5,45.5614292572905,43.53241591741592,45.23861485082088,43.720906789430344,45.47643573282335,45.86015944018891,45.50952190812677,45.911321360617876
2024-07-23,45.81428571428572,44.68421052631579,45.61325362340058,43.87420789736579,45.38253256668709,43.96173272365171,45.4783574119524,45.86734543662078,45.52233768906444,45.935353158041835
2024-07-24,45.19767441860465,43.88387096774194,45.55682383651135,44.19917647717308,45.33631802966649,43.94226728467426,45.48027909108146,45.87453143305356,45.53518028371036,45.959426417946815
2024-07-25,44.4448275862069,47.61071428571428,45.572411450867435,44.643564232275125,45.11344541880159,44.859379034934264,45.48220077021051,45.881717429485434,45.548049692064524,45.98354114219546
2024-07-26,45.84285714285714,47.3,45.643676756989876,44.83213566084654,45.295798349815485,45.469534276200704,45.484122449339566,45.888903425917306,45.56094591319561,46.00769732706249
2024-07-27,44.0,47.125,45.19724818556131,45.5642785179894,44.97184876236162,45.88340070715053,45.48604412846862,45.89608942235009,45.57386894803494,46.031894974410534
2024-07-28,46.00857142857143,46.33142857142857,45.02158191905471,46.06217490731437,45.23102942891407,45.995407673220036,45.487965807597675,45.90327541878196,45.58681879658252,46.0561340842396
2024-07-29,46.05714285714286,45.90714285714286,45.337908449666955,46.12033817262049,45.437557785971265,45.97334146920075,45.48988748672673,45.91046141521474,45.599795458838344,46.08041465654969
2024-07-30,46.1,47.1,45.378724776197565,46.46545095457538,45.60316833947845,46.255006101900555,45.491809165855784,45.91764741164661,45.61279893387109,46.104736691340804
2024-07-31,45.0,46.6,45.350485573539764,46.853469387755105,45.452376254608836,46.34125457642541,45.49373084498484,45.924833408078484,45.62582922261208,46.12910018861294
2024-08-01,44.53333333333333,48.46666666666667,45.36312925170068,46.975748299319726,45.22261552428996,46.87260759898573,45.49565252411389,45.932019404511266,45.638886325992644,46.153505148366094
2024-08-02,45.6,47.1,45.32843537414966,46.94717687074831,45.31696164321747,46.9294556992393,45.49757420324295,45.93920540094314,45.65197024215013,46.177951572462916
2024-08-03,43.86666666666667,44.2,45.309387755102044,46.52931972789116,44.95438789907977,46.24709177442948,45.499495882372,45.94639139737592,45.66508097201586,46.20243945531547
2024-08-04,46.0,48.4,45.30816326530612,46.824829931972786,45.21579092430983,46.78531883082211,45.50141756150106,45.95357739380779,45.67821851558983,46.22696880251169
2024-08-05,44.35,45.6875,45.06428571428571,46.79345238095238,44.99934319323237,46.51086412311658,45.50333924063011,45.96076339023966,45.691382872872055,46.251539612188935
2024-08-06,48.199999999999996,45.5,45.36428571428571,46.56488095238095,45.79950739492428,46.258148092337436,45.505260919759166,45.967949386672444,45.70457404199988,46.2761518843472
2024-08-07,45.075,47.5375,45.375,46.69880952380953,45.61838054619321,46.57798606925308,45.50718259888822,45.975135383104316,45.71779202576727,46.30080561712384
2024-08-08,46.172413793103445,46.65172413793104,45.60915435139573,46.43953201970443,45.75688885792077,46.59642058642257,45.509104278017276,45.9823213795371,45.731036824174225,46.325500816106796
2024-08-09,47.22222222222222,43.0,45.840900383141765,45.85381773399014,46.12322219899613,45.697315439816926,45.51102595714633,45.98950737596897,45.74430843535811,46.35023747570813
2024-08-10,44.5,48.5,45.93137657361795,46.46810344827586,45.7174166492471,46.397986579862696,45.512947636275385,45.99669337240084,45.757606860250235,46.375015595927835
2024-08-11,43.75454545454546,46.57727272727273,45.61059735283873,46.20771383788625,45.22669885057169,46.4428081167152,45.51486931540444,46.00387936883362,45.77093209885061,46.39983518049121
2024-08-12,46.81428571428571,46.542857142857144,45.96263816916526,46.32990771543728,45.62359556650019,46.46782037325069,45.516790994533494,46.011065365265495,45.78428415115923,46.42469622567296
2024-08-13,45.58888888888889,48.077777777777776,45.58962229614939,46.69816168369124,45.61491889709737,46.870309724382466,45.518712673662776,46.018251361698276,45.79766301531345,46.44959873519838
2024-08-14,46.596000000000004,46.872,45.8069080104351,46.60309025511981,45.86018917282303,46.87073229328685,45.52063435279183,46.02543735813015,45.811068694107234,46.47454270720482
2024-08-15,44.5125,46.73870967741936,45.56977746856318,46.615516760761004,45.52326687961727,46.83772663931998,45.522556031920885,46.03262335456202,45.82450118660927,46.499528139829636
2024-08-16,45.805263157894736,47.87105263157895,45.36735474508782,47.31138142241514,45.59376594918663,47.09605813738472,45.52447771104994,46.0398093509948,45.83796049281955,46.52455503679812
2024-08-17,43.25,48.5,45.18878331651639,47.31138142241514,45.007824461889975,47.447043603038544,45.526399390178995,46.04699534742667,45.85144661273807,46.54962339438498
2024-08-18,43.142857142857146,46.714285714285715,45.1013992719895,47.330954706274134,44.541582632131764,47.26385413085034,45.52832106930805,46.054181343859455,45.864959546364844,46.57473321631551
2024-08-19,39.66428571428571,56.16428571428571,44.07997070056093,48.7054445021925,43.32225840267025,49.48896202670918,45.530242748437104,46.061367340291326,45.87849929369986,46.59988449886441
2024-08-20,43.925,49.175,43.842272287862514,48.86219053393854,43.47294380200269,49.41047152003189,45.53216442756616,46.0685533367232,45.89206585288048,46.625077245756984
2024-08-21,43.980000000000004,47.28666666666666,43.468558002148235,48.921428629176624,43.59970785150202,48.87952030669059,45.53408610669521,46.07573933315598,45.905659226700664,46.65031145326793
2024-08-22,46.76190476190476,47.31904761904762,43.789901539563196,49.00433404940924,44.3902570791027,48.48940213477985,45.53600778582427,46.08292532958785,45.919279414229095,46.67558712512255
2024-08-23,44.51904761904762,46.97894736842105,43.60615646258503,48.876890440386674,44.422454714088936,48.11178844319015,45.53792946495332,46.09011132601972,45.93292641546577,46.70090425759554
2024-08-24,45.0,50.0,43.85615646258503,49.09117615467239,44.5668410355667,48.58384133239261,45.53985114408238,46.097297322452505,45.946600230410695,46.7262628544122
2024-08-25,46.03,48.56666666666667,44.26860544217687,49.355802005012535,44.932630776675026,48.57954766596112,45.54177282321143,46.10448331888438,45.96030085813254,46.751662911847234
2024-08-26,45.583333333333336,48.53191489361702,45.114183673469384,48.265463316345574,45.09530641583961,48.5676394728751,45.543694502340486,46.11166931531716,45.974028300493956,46.77710443176329
2024-08-27,47.421052631578945,47.36842105263158,45.61361976369495,48.007380609578654,45.67674296977444,48.26783486781422,45.54561618146954,46.11885531174903,45.98778255563229,46.802587416023016
2024-08-28,44.61891891891892,47.21315789473684,45.70489389496908,47.99687935644583,45.41228695706056,48.004165624544875,45.547537860598595,46.1260413081809,46.001563623547554,46.82811186090112
2024-08-29,47.78947368421053,46.72631578947368,45.85168945529848,47.912203380792405,46.00658363884805,47.68470316577708,45.54945953972765,46.13322730461368,46.01537150610238,46.85367776826024
2024-08-30,44.4125,48.2125,45.836468366863095,48.08842518530368,45.60806272913604,47.81665237433281,45.551381218856704,46.140413301045555,46.02920620236546,46.879285138100386
2024-08-31,49.38076923076923,46.26153846153846,46.46229254268729,47.55435925123775,46.551239354544336,47.42787389613422,45.55330289798576,46.14759929747834,46.043067711405456,46.9049339722842
2024-09-01,47.5,46.355555555555554,46.67229254268728,47.23848623536473,46.78842951590825,47.159794310989554,45.555224577114814,46.15478529391021,46.05695603508502,46.93062426708639
2024-09-02,47.699999999999996,48.13333333333333,46.97467349506824,47.18154601246706,47.01632213693118,47.4031790665755,45.55714625624387,46.16197129034208,46.07087117154151,46.9563560243696
2024-09-03,47.58571428571429,48.028571428571425,46.99819658851614,47.2758532090299,47.158670174126954,47.559527157074484,45.55906793537292,46.16915728677486,46.08481312263757,46.98212924413383
2024-09-04,42.7,46.0375,46.72406531438486,47.10790208121035,46.044002630595216,47.17902036780586,45.56098961450198,46.176343283206734,46.098781884647906,47.007943926379085
2024-09-05,47.00952380952381,49.11428571428572,46.61264390371533,47.44904064189778,46.28538292532736,47.66283670442583,45.56291129363103,46.183529279639515,46.11277746222913,47.03380007110536
2024-09-06,45.93157894736842,46.96842105263158,46.82965518191082,47.27131507798801,46.19693193083763,47.489232791477264,45.56483297276009,46.19071527607139,46.126799853518605,47.05969767831266
2024-09-07,46.0,49.0,46.346688148943784,47.6625238691968,46.14769894812822,47.86692459360795,45.56675465188914,46.19790127250326,46.140849057585,47.08563674800098
2024-09-08,44.714285714285715,49.1275,45.94872896527032,48.05851593268886,45.7893456396676,48.18206844520596,45.568676331018196,46.20508726893604,46.154925076290965,47.11161728017032
2024-09-09,45.36842105263158,47.37894736842105,45.61564625850341,47.950746509129964,45.6841144929086,47.98128817600973,45.57059801014725,46.21227326536791,46.16902790777385,47.137639274820685
2024-09-10,46.8,48.7,45.50340136054422,48.0466648764769,45.96308586968145,48.16096613200729,45.572519689276305,46.219459261800694,46.183157552964985,47.16370273195207
2024-09-11,45.857142857142854,47.57142857142857,45.95442176870749,48.26579752953813,45.936600116546806,48.01358174186261,45.57444136840536,46.226645258232566,46.19731401093304,47.18980765156448
2024-09-12,46.49375,47.1,45.880739795918366,47.978042427497314,46.07588758741011,47.78518630639696,45.576363047534414,46.23383125466444,46.211497283540666,47.21595403365791
2024-09-13,45.632,48.824,45.837942803437166,48.24312513426423,45.96491569055758,48.04488972979772,45.57828472666347,46.24101725109722,46.225707368925214,47.242141876369715
2024-09-14,45.12,49.72,45.712228517722885,48.34598227712138,45.75368676791819,48.46366729734829,45.58020640579275,46.24820324752909,46.23994426894933,47.26837118342519
2024-09-15,43.76666666666667,48.199999999999996,45.57685436806302,48.21348227712138,45.25693174260531,48.397750473011214,45.582128084921806,46.25538924396187,46.25420798175037,47.29464195296168
2024-09-16,46.25152777777778,49.73084507042253,45.70301247165533,48.54946766312158,45.505580751398426,48.73102412236404,45.58404976405086,46.262575240393744,46.268498508259654,47.3209541849792
2024-09-17,45.56111111111111,50.43888888888889,45.526028344671204,48.79788036153428,45.51946334132659,49.157990313995256,45.585971443179915,46.269761236825616,46.282815848477185,47.34730787947774
2024-09-18,45.44975,50.1375,45.46782936507936,49.16446199418734,45.50203500599494,49.40286773549644,45.58789312230897,46.2769472332584,46.29716000240296,47.373703034594655
2024-09-19,46.480000000000004,47.835,45.46586507936508,49.269461994187346,45.7465262544962,49.010900801622334,45.589814801438024,46.28413322969027,46.31153096817434,47.40013965405524
2024-09-20,48.27272727272727,47.63636363636363,45.84311183261183,49.09979965652501,46.378076509053976,48.667266510307655,45.59173648056708,46.29131922612214,46.325928749516606,47.4266177341342
2024-09-21,46.13333333333333,46.93333333333333,45.98787373737373,48.70170441842976,46.31689071512381,48.233783216064076,45.59365815969613,46.29850522255492,46.3403533436358,47.453137278556824
2024-09-22,44.83111111111111,47.17888888888889,46.13993722943723,48.555831402556755,45.94544581412064,47.970059634270285,45.59557983882519,46.305691218986794,46.354804751463234,47.47969828359783
2024-09-23,43.5,52.1875,45.746861832611835,48.9067821067821,45.33408436059048,49.024419725702714,45.59750151795424,46.312877215419576,46.36928297299892,47.5063007529825
2024-09-24,48.37647058823529,48.99714285714286,46.14905604362957,48.70081838796124,46.094680917501684,49.01760050856275,45.5994231970833,46.32006321185145,46.383788008242846,47.53294468484819
2024-09-25,46.68205128205128,49.050000000000004,46.325099083922616,48.5454612451041,46.241523508639084,49.02570038142207,45.60134487621235,46.32724920828332,46.39831985719502,47.55963007733226
2024-09-26,46.49677419354839,47.57741935483871,46.32749539728667,48.50866401008106,46.30533617986641,48.66363012477623,45.603266555341406,46.3344352047161,46.412878517992795,47.586356934159994
2024-09-27,48.857142857142854,47.57142857142857,46.410983337917465,48.4993875722332,46.94328784918552,48.39057973643932,45.60518823447046,46.34162120114797,46.42746399343014,47.61312525160611
2024-09-28,47.957142857142856,48.08571428571429,46.67152755560454,48.66401342257334,47.19675160117485,48.31436337375806,45.607109913599515,46.348807197580754,46.44207628350705,47.639935033395886
2024-09-29,47.733333333333334,47.416666666666664,47.08613073020772,48.69798167654158,47.33089703421447,48.08993919698521,45.60903159272857,46.355993194012626,46.456715386360884,47.66678627580404
2024-09-30,49.30769230769231,47.03076923076923,47.91580105987805,47.961305852365754,47.82509585258393,47.82514670543122,45.610953271857625,46.3631791904445,46.471381302922964,47.69367898069322
2024-10-01,46.50909090909091,49.10909090909092,47.64903253428599,47.97729843121549,47.49609461671067,48.14613275634615,45.61287495098668,46.37036518687728,46.48607403319329,47.72061314806342
2024-10-02,46.523809523809526,47.642857142857146,47.62642656882288,47.77627802305222,47.25302334348538,48.02031385297389,45.614796630115734,46.37755118330915,46.50079357624054,47.74758877977729
2024-10-03,48.357142857142854,47.5,47.89219352076494,47.765218115218126,47.52905322189975,47.89023538973042,45.61671830924479,46.38473717974193,46.51553993206471,47.77460587210953
2024-10-04,46.122727272727275,46.81363636363637,47.5015627229913,47.656962085533515,47.177471734606634,47.6210856332069,45.61863998837384,46.391923176173805,46.530313103459775,47.8016644269228
2024-10-05,39.46666666666667,57.0,46.28863755292327,48.930431473288614,45.249770467621644,49.96581422490517,45.6205616675029,46.39910917260568,46.54511308763176,47.82876444607973
2024-10-06,49.07,46.03058823529412,46.47958993387565,48.73242026880683,46.20482785071623,48.98200772750241,45.62248334663195,46.40629516903846,46.559939885511994,47.855905923992395
2024-10-07,48.05555555555556,46.40833333333333,46.30071325499897,48.643500854887414,46.66750977692605,48.338589128960145,45.62440502576101,46.41348116547033,46.57479349616915,47.88308886811137
2024-10-08,49.15625,45.97083333333333,46.67887883941455,48.1951783440649,47.289694832694536,47.74665018005344,45.62632670489006,46.42066716190311,46.589673921465874,47.910313272848725
2024-10-09,48.22727272727273,47.48181818181818,46.922230725623585,48.17217277820219,47.524089306339086,47.68044218049462,45.628248384019116,46.42785315833498,46.60458116047084,47.9375791400671
2024-10-10,46.916296296296295,48.57925925925926,46.716395502645504,48.32635267238208,47.372141053828386,47.90514645018578,45.63017006314817,46.435039154766855,46.61951521132141,47.9648864697665
2024-10-11,47.55555555555556,49.544444444444444,46.92108525733526,48.71646811249752,47.417994679260175,48.31497094875045,45.632091742277225,46.44222515119964,46.63447607681155,47.99223526194692
2024-10-12,39.0,53.5,46.854418590668594,48.21646811249752,45.31349600944513,49.61122821156284,45.63401342140628,46.44941114763151,46.649463756009936,48.01962551660836
2024-10-13,45.41428571428571,48.371428571428574,46.33217369270941,48.55087387480245,45.33869343565527,49.30127830152927,45.635935100535335,46.45659714406429,46.664478248916566,48.04705723375082
2024-10-14,46.56666666666666,49.06296296296296,46.119475280010995,48.93010667903525,45.64568674340812,49.241699466887695,45.63785677966439,46.46378314049616,46.67951955460012,48.074530413374305
2024-10-15,46.5,48.78125,45.74001099429671,49.33159477427335,45.85926505755609,49.12658710016577,45.639778458793444,46.47096913692803,46.69458767492324,48.10204505547881
2024-10-16,48.84090909090909,46.65,45.82767333195904,49.21276360544217,46.60467606589434,48.50744032512433,45.6417001379225,46.478155133360815,46.709682608023286,48.12960116006434
2024-10-17,46.94772727272727,50.03863636363636,45.832163471449185,49.42124604892462,46.690438867602566,48.89023933475234,45.64362181705178,46.48534112979269,46.7248043557629,48.15719872713089
2024-10-18,47.65555555555555,46.80555555555556,45.8464491857349,49.02997620765478,46.93171803959082,48.36906838995314,45.645543496180835,46.49252712622456,46.73995291441679,48.18483775667846
2024-10-19,51.385714285714286,44.271428571428565,47.615836940836935,47.711608860716005,48.04521710112169,47.344658435321996,45.64746517530989,46.49971312265734,46.75512828864157,48.212518248707056
2024-10-20,48.10173913043478,47.59021739130435,47.99975885742966,47.60000726355539,48.05934760844997,47.40604817431758,45.649386854438944,46.50689911908921,46.7703304765746,48.24024020135403
2024-10-21,45.872727272727275,47.00909090909091,47.90062465829546,47.30659697014511,47.512692524519295,47.30680885801091,45.651308533568,46.51408511552199,46.78555947821587,48.268003618344665
2024-10-22,48.03181818181818,47.70681818181818,48.11945582712663,47.15310671040485,47.64247393884401,47.40681118896272,45.65323021269705,46.521271111953865,46.80081529263407,48.295808497816324
2024-10-23,45.79545454545455,48.36086956521739,47.6843908920617,47.39751664829305,47.18071909049665,47.645325783026394,45.65515189182611,46.52845710838574,46.81609792076051,48.323654839769006
2024-10-24,46.78235294117647,48.56470588235294,47.66076598755444,47.186955150966845,47.0811275531666,47.87517080785803,45.65707357095516,46.53564310481852,46.8314073625952,48.351542642340064
2024-10-25,48.402702702702705,48.545945945945945,47.76750129428975,47.43558234959404,47.41152134055063,48.04286459238001,45.65899525008422,46.54282910125039,46.84674361720681,48.37947190925479
2024-10-26,48.40416666666667,46.20416666666667,47.34156592014009,47.711687791770906,47.65968267207964,47.58319011095168,45.66091692921327,46.55001509768317,46.86210668645799,48.40744263865054
2024-10-27,47.61764705882353,47.92352941176471,47.27240990990991,47.75930379469382,47.649173768765614,47.668274936154944,45.66283860834233,46.557201094115044,46.877496568486094,48.43545482866466
2024-10-28,49.114814814814814,46.8,47.735565273065276,47.729433664823695,48.015584030277914,47.45120620211621,45.66476028747138,46.564387090546916,46.892913265153766,48.46350848302245
2024-10-29,48.21702127659574,48.240425531914894,47.7620228580335,47.805663286266075,48.06594334185737,47.64851103456588,45.666681966600436,46.5715730869797,46.90835677459836,48.49160359799862
2024-10-30,46.18604651162791,49.55813953488372,47.81782171034398,47.97670185336126,47.595969134300006,48.12591815964534,45.66860364572949,46.57875908341157,46.92382709868252,48.519740177318454
2024-10-31,48.3716049382716,48.00617283950617,48.04485770992899,47.89691141866887,47.78987808529291,48.09598182961055,45.670525324858545,46.58594507984435,46.93932423554361,48.547918217256665
2024-11-01,46.96170212765957,48.729787234042554,47.839000484922835,47.92317445982553,47.58283409588458,48.25443318071856,45.6724470039876,46.59313107627622,46.954848184250295,48.576137721538544
2024-11-02,47.6906976744186,48.26162790697674,47.73707634317311,48.217097494155546,47.609799990518084,48.2562318622831,45.674368683116654,46.600317072708094,46.97039894852787,48.604398688301444
2024-11-03,46.71315789473684,49.078947368421055,47.60786360544644,48.3821572022493,47.385639466572776,48.46191073881759,45.67629036224571,46.607503069140876,46.98597652558237,48.63270111568272
2024-11-04,50.44428571428572,46.90857142857143,47.79778801965657,48.39766740633093,48.15030102850101,48.07357591125605,45.67821204137476,46.61468906557275,47.00158091727644,48.66104500554502
